Workbook
Name confidence_score: 'PYTHON_BRIDGE'!$B$7
Name volatility_regime: 'PYTHON_BRIDGE'!$B$8
Name volume_score: 'PYTHON_BRIDGE'!$B$9
Name trend_strength: 'PYTHON_BRIDGE'!$B$10
Name structure_ok: 'PYTHON_BRIDGE'!$B$11
Name symbol_name: 'PYTHON_BRIDGE'!$B$12
Name DD_SOFT: 'MRJ_PARAMETERS'!$B2$
Name DD_HARD: 'MRJ_PARAMETERS'!$B3$
Name DD_EMERG: 'MRJ_PARAMETERS'!$B4$
Name LATENCY_MAX_MS: 'MRJ_PARAMETERS'!$B5$
Name LOSS_SCALE: 'MRJ_PARAMETERS'!$B6$
Name ATR_PCTL: 'PYTHON_BRIDGE'!$A2$
Name CONF_RAW: 'PYTHON_BRIDGE'!$A3$
Name LATENCY_MS: 'PYTHON_BRIDGE'!$A4$
Name RECENT_LOSSES: 'PYTHON_BRIDGE'!$A5$
Name DRAWDOWN: 'PYTHON_BRIDGE'!$A6$

Sheet README
A1: GENIUS BOT HYBRID TOPURIA MODE
A2: Balanced-Aggressive with Controlled Frequency
A3: Optimized for excel_live_core.py
A5: Design Goals:
A6: - Higher trade frequency than swing mode
A7: - Still capital protected
A8: - Fee-aware edge
A9: - Works well on 15m timeframe

Sheet WEIGHT_THRESHOLD_MATRIX
A1: component | B1: weight | C1: threshold | D1: normalized_weight | E1: regime_weight | F1: dynamic_weight | G1: overfit_guard | H1: final_weight | I1: weight_norm_check
A2: trend strength | B2: 0.27 | C2: 0.25 | D2: =B2/SUM(B:B) | E2: =IF(C2>0.7, D2*0.7, D2) | F2: =E2*0.9 | G2: =IF(F2>0.4,0.8,1) | H2: =F2*G2 | I2: =IF(ABS(SUM(H2:INDEX(H:H,MATCH("zzz",A:A)))-1)<=0.01,"OK","FAIL")
A3: structure validation | B3: 0.22 | C3: TRUE | D3: =B3/SUM(B:B) | E3: =IF(C3>0.7, D3*0.7, D3) | F3: =E3*0.9 | G3: =IF(F3>0.4,0.8,1) | H3: =F3*G3
A4: volume confirmation | B4: 0.16 | C4: 0.3 | D4: =B4/SUM(B:B) | E4: =IF(C4>0.7, D4*0.7, D4) | F4: =E4*0.9 | G4: =IF(F4>0.4,0.8,1) | H4: =F4*G4
A5: risk state modifier | B5: 0.13 | C5: OK | D5: =B5/SUM(B:B) | E5: =IF(C5>0.7, D5*0.7, D5) | F5: =E5*0.9 | G5: =IF(F5>0.4,0.8,1) | H5: =F5*G5
A6: confidence score | B6: 0.14 | C6: 0.45 | D6: =B6/SUM(B:B) | E6: =IF(C6>0.7, D6*0.7, D6) | F6: =E6*0.9 | G6: =IF(F6>0.4,0.8,1) | H6: =F6*G6
A7: volatility regime | B7: 0.08 | C7: NORMAL | D7: =B7/SUM(B:B) | E7: =IF(C7>0.7, D7*0.7, D7) | F7: =E7*0.9 | G7: =IF(F7>0.4,0.8,1) | H7: =F7*G7

Sheet SIGNAL_OUTBOX
A1: timestamp | B1: symbol | C1: note | D1: signal_type | E1: confidence | F1: price | G1: timeframe | H1: strategy_id | Z1: ALLOW_TRADE
A2: 2026-02-21 19:00:21 | B2: ETH/USDT | C2: TOPURIA_TEST_SIGNAL | Z2: ='SIGNAL_GATING'!C4

Sheet VOLATILITY_REGIME
A1: REGIME | B1: ATR_MIN | E1: ATR_MAX | F1: ATR_SMOOTH | G1: ATR_EMA | H1: REGIME_HYST
A2: LOW | B2: 0.2 | G2: =0.8*B2+0.2*B2 | H2: =IF(AND(G2>B2,G2<C2),A1,A2)
A3: NORMAL | B3: 0.25 | G3: =0.8*B3+0.2*B2 | H3: =IF(AND(G3>B3,G3<C3),A2,A3)
A4: EXTREME | B4: 0.4 | G4: =0.8*B4+0.2*B3 | H4: =IF(AND(G4>B4,G4<C4),A3,A4)
A5: timestamp | B5: symbol | C5: volatility | D5: regime | G5: =0.8*B5+0.2*B4 | H5: =IF(AND(G5>B5,G5<C5),A4,A5)

Sheet TRADE_FREQUENCY_GOVERNOR
A1: timestamp | B1: symbol | C1: volatility | D1: spread | E1: regime | F1: allow_trade | G1: cooldown_ok | H1: min_time_between_trades | I1: trades_last_hour | J1: throttle_ok
F2: =IF(OR(C2>0.08,D2>0.002,E2="CHAOTIC"),"BLOCK","ALLOW") | G2: =TRUE | H2: 60 | I2: 0 | J2: =IF(I2<=5,TRUE,FALSE)

Sheet CAPITAL_PRESERVATION_MODE
A1: MODE | B1: MAX_RISK | E1: equity_drawdown_trigger | F1: position_size_multiplier | G1: equity | H1: peak_equity | I1: drawdown_pct | J1: recovery_mode
A2: NORMAL | B2: 1 | H2: =MAX(G2:G2) | I2: =IFERROR((G2-H2)/H2,0) | J2: =IF(I2<-0.1,"RECOVERY","NORMAL")
A3: DEFENSIVE | B3: 0.7 | H3: =MAX(G2:G3) | I3: =IFERROR((G3-H3)/H3,0) | J3: =IF(I3<-0.1,"RECOVERY","NORMAL")
A4: CRISIS | B4: 0.4 | H4: =MAX(G2:G4) | I4: =IFERROR((G4-H4)/H4,0) | J4: =IF(I4<-0.1,"RECOVERY","NORMAL")
A5: timestamp | B5: capital_state | C5: protection_level | D5: trading_allowed | H5: =MAX(G2:G5) | I5: =IFERROR((G5-H5)/H5,0) | J5: =IF(I5<-0.1,"RECOVERY","NORMAL")

Sheet SLIPPAGE_CONTROL
A1: VOL_REGIME | B1: SLIPPAGE_PCT | G1: effective_slippage | H1: spread_pct | I1: liquidity_tier | J1: limit_offset | K1: depth_proxy | L1: base_slippage_pct
A2: LOW | B2: 0.1 | G2: =L2*K2 | I2: =IF(H2<0.001,"HIGH","LOW") | J2: =IF(G2="","",G2*0.5) | K2: =IF(H2="","",IF(H2<0.001,0.8,1.2)) | L2: =B2
A3: NORMAL | B3: 0.15 | G3: =L3*K3 | I3: =IF(H3<0.001,"HIGH","LOW") | J3: =IF(G3="","",G3*0.5) | K3: =IF(H3="","",IF(H3<0.001,0.8,1.2)) | L3: =B3
A4: EXTREME | B4: 0.3 | G4: =L4*K4 | I4: =IF(H4<0.001,"HIGH","LOW") | J4: =IF(G4="","",G4*0.5) | K4: =IF(H4="","",IF(H4<0.001,0.8,1.2)) | L4: =B4
A5: timestamp | B5: symbol | C5: expected_price | D5: fill_price | E5: slippage_pct | F5: slippage_flag | G5: =L5*K5 | I5: =IF(H5<0.001,"HIGH","LOW") | J5: =IF(G5="","",G5*0.5) | K5: =IF(H5="","",IF(H5<0.001,0.8,1.2)) | L5: =B5
E6: =(D2-C2)/C2 | F6: =IF(ABS(E2)>0.002,"HIGH_SLIPPAGE","OK") | G6: =L6*K6 | I6: =IF(H6<0.001,"HIGH","LOW") | J6: =IF(G6="","",G6*0.5) | K6: =IF(H6="","",IF(H6<0.001,0.8,1.2)) | L6: =B6

Sheet ROLLING_EDGE_MONITOR
A1: trade_id | B1: pnl | C1: rolling_trades | D1: rolling_edge | E1: edge_state | F1: kill_switch
C2: 30 | D2: =AVERAGE(B2:INDEX(B:B,ROW()+C2-1)) | E2: =IF(D2<0,"EDGE_WEAK","EDGE_OK") | F2: =IF(D2<0,"OFF","ON")

Sheet PORTFOLIO_RISK_ENGINE
A1: timestamp | B1: equity | C1: open_risk | D1: heat_pct | E1: exposure_cap | F1: heat_ok | G1: position_size | H1: atr_risk_factor | I1: kelly_fraction | J1: atr_pct_input
D2: =IFERROR(C2/B2,0) | E2: 0.3 | F2: =IF(D2<E2,TRUE,FALSE) | G2: =IF(F2, B2*I2*H2, 0) | H2: =IF(J2<=0,1,MAX(0.3,MIN(1,1/J2))) | I2: =MIN(0.02,0.01)

Sheet PYTHON_BRIDGE
A1: field | B1: value | C1: description
A2: volatility_regime_ssot | B2: =IF(VOLATILITY_REGIME!A2="","NORMAL",VOLATILITY_REGIME!A2) | C2: Single source of truth for regime
A3: final_weight_sum | B3: =SUM(WEIGHT_THRESHOLD_MATRIX!H:H) | C3: Blended dynamic weights check
A4: portfolio_heat | B4: =PORTFOLIO_RISK_ENGINE!D2 | C4: Portfolio heat %
A5: position_size_usd | B5: =PORTFOLIO_RISK_ENGINE!G2 | C5: Dynamic position sizing
A6: effective_slippage_pct | B6: =SLIPPAGE_CONTROL!G2 | C6: Execution slippage estimate
A7: confidence_score_input | B7: 0
A8: volatility_regime_input | B8: 0
A9: volume_score_input | B9: 0
A10: trend_strength_input | B10: 0
A11: structure_ok_input | B11: 0
A12: symbol_name_input | B12: BTC/USDT

Sheet AI_HELPERS
A1: Helper | B1: Formula | C1: Description | Z1: EXCHANGE_HEALTH_SCORE | AA1: RISK_OFF_FLAG
A2: CONF_ADJ | B2: =confidence_score * IF(volatility_regime="EXTREME",0.7,1) | C2: Confidence adjusted by volatility regime | Z2: ='INSTITUTIONAL_HARDENING'!F4 | AA2: ='INSTITUTIONAL_HARDENING'!F7
A3: VOL_OK | B3: =volume_score>0.35 | C3: Volume confirmation gate
A4: TREND_OK | B4: =trend_strength>0.42 | C4: Trend persistence helper
A5: STRUCT_WEIGHT | B5: =IF(structure_ok,1,0.6) | C5: Soft structure weighting

Sheet AI_INSTITUTIONAL
A1: Helper | B1: Formula | C1: Description
A2: REGIME_MEMORY | B2: =IF(volatility_regime="LOW",0.7,IF(volatility_regime="EXTREME",0.6,1)) | C2: Institutional regime memory proxy
A3: CONF_DYNAMIC | B3: =MIN(1, CONF_ADJ * REGIME_MEMORY * (0.75 + trend_strength*0.5)) | C3: Mr. JAIANI adaptive confidence
A4: TP_ADAPTIVE | B4: =IF(volatility_regime="EXTREME",1.6,IF(volatility_regime="LOW",0.9,1.3)) | C4: Volatility adaptive TP suggestion
A5: SIZE_MULTIPLIER | B5: =MIN(1.5,MAX(0.5,0.6 + trend_strength*0.8)) | C5: Smart position scaling
A6: POSITION_SIZE_FACTOR | B6: =SIZE_MULTIPLIER * CONF_DYNAMIC | C6: Final position scaling factor
A8: SYMBOL_HASH | B8: =LEN(symbol_name) | C8: Symbol hash proxy
A9: SYMBOL_FACTOR | B9: =1 + (MOD(SYMBOL_HASH,5)-2)/50 | C9: Per-symbol intelligence factor

Sheet INSTITUTIONAL_HARDENING
A1: MODULE | B1: METRIC | C1: INPUT | D1: FORMULA / LOGIC | E1: OUTPUT_NAME | F1: OUTPUT_VALUE
A2: Chop Killer v2 | B2: ATR Compression | C2: ATR_PCTL | D2: =IF(ATR_PCTL<0.25,1,IF(ATR_PCTL<0.4,0.5,0)) | E2: CHOP_FILTER | F2: =D2
A3: Confidence Realism | B3: Diminishing Curve | C3: CONF_RAW | D3: =1-EXP(-3*CONF_RAW) | E3: CONF_REAL | F3: =D3
A4: Exchange Health | B4: Health Score | C4: LATENCY_MS | D4: =MAX(0,MIN(1,1-(LATENCY_MS/LATENCY_MAX_MS))) | E4: EXCHANGE_HEALTH_SCORE | F4: =D4
A5: Volatility Engine | B5: Vol State | C5: ATR_PCTL | D5: =IF(ATR_PCTL>0.8,"HIGH",IF(ATR_PCTL<0.2,"LOW","MID")) | E5: VOL_STATE | F5: =D5
A6: Adaptive Cooldown | B6: Cooldown Weight | C6: RECENT_LOSSES | D6: =MIN(1,RECENT_LOSSES/LOSS_SCALE) | E6: COOLDOWN_WEIGHT | F6: =D6
A7: Kill Switch L1 | B7: Soft Risk Off | C7: DRAWDOWN | D7: =IF(DRAWDOWN>DD_SOFT,1,0) | E7: RISK_OFF_FLAG | F7: =D7
A8: Kill Switch L2 | B8: Hard Stop | C8: DRAWDOWN | D8: =IF(DRAWDOWN>DD_HARD,1,0) | E8: HARD_STOP_FLAG | F8: =D8
A9: Kill Switch L3 | B9: Emergency | C9: DRAWDOWN | D9: =IF(DRAWDOWN>DD_EMERG,1,0) | E9: EMERGENCY_FLAG | F9: =D9

Sheet MRJ_PARAMETERS
A1: PARAM | B1: VALUE
A2: DD_SOFT | B2: 0.08
A3: DD_HARD | B3: 0.15
A4: DD_EMERG | B4: 0.25
A5: LATENCY_MAX_MS | B5: 500
A6: LOSS_SCALE | B6: 5

Sheet CONFIDENCE_PIPELINE
A1: COMPONENT | B1: FORMULA | C1: OUTPUT
A2: CONF_BASE | B2: =CONF_RAW | C2: =B2
A3: HEALTH_DAMP | B3: ='INSTITUTIONAL_HARDENING'!F4 | C3: =B3
A4: RISK_DAMP | B4: =IF('INSTITUTIONAL_HARDENING'!F7=1,0.5,1) | C4: =B4
A5: CONF_FINAL | B5: =MAX(0,MIN(1,C2*C3*C4)) | C5: =B5

Sheet SIGNAL_GATING
A1: CHECK | B1: FORMULA | C1: ALLOW_TRADE
A2: KILL_SWITCH_BLOCK | B2: =IF('INSTITUTIONAL_HARDENING'!F8=1,0,1) | C2: =B2
A3: EMERGENCY_BLOCK | B3: =IF('INSTITUTIONAL_HARDENING'!F9=1,0,1) | C3: =B3
A4: MASTER_ALLOW | B4: =MIN(C2,C3) | C4: =B4

Sheet ADAPTIVE_FEEDBACK
A1: LOOP | B1: FORMULA | C1: OUTPUT
A2: COOLDOWN_VOL_COUPLING | B2: =MIN(1,ATR_PCTL*'INSTITUTIONAL_HARDENING'!F6) | C2: =B2
A3: HEALTH_SIZE_SCALE | B3: ='INSTITUTIONAL_HARDENING'!F4 | C3: =B3
A4: DD_SIZE_SCALE | B4: =IF(DRAWDOWN>DD_SOFT,0.7,1) | C4: =B4
